{
  "version": 1,
  "author": "Anonymous maker",
  "editor": "wokwi",
  "parts": [
    { "type": "wokwi-breadboard", "id": "bb1", "top": -108.6, "left": -256.4, "attrs": {} },
    { "type": "board-esp32-s2-devkitm-1", "id": "esp", "top": 120.49, "left": 33.37, "attrs": {} },
    {
      "type": "wokwi-pushbutton",
      "id": "btn1",
      "top": -19.3,
      "left": -15.7,
      "rotate": 90,
      "attrs": { "color": "black", "xray": "1" }
    }
  ],
  "connections": [
    [ "esp:TX", "$serialMonitor:RX", "", [] ],
    [ "esp:RX", "$serialMonitor:TX", "", [] ],
    [ "btn1:1.l", "bb1:28t.d", "", [ "$bb" ] ],
    [ "btn1:2.l", "bb1:26t.d", "", [ "$bb" ] ],
    [ "btn1:1.r", "bb1:28b.i", "", [ "$bb" ] ],
    [ "btn1:2.r", "bb1:26b.i", "", [ "$bb" ] ],
    [ "esp:GND.2", "bb1:28t.c", "black", [ "h134.4", "v-211.2", "h-230.4" ] ],
    [ "esp:13", "bb1:26b.j", "green", [ "h0" ] ]
  ],
  "dependencies": {}
}