{
  "version": 1,
  "author": "programador novato",
  "editor": "wokwi",
  "parts": [
    { "type": "wokwi-esp32-devkit-v1", "id": "esp", "top": 64.53, "left": -142.83, "attrs": {} },
    {
      "type": "wokwi-membrane-keypad",
      "id": "keypad1",
      "top": -218.19,
      "left": -24.41,
      "attrs": {}
    }
  ],
  "connections": [
    [ "esp:TX0", "$serialMonitor:RX", "", [] ],
    [ "esp:RX0", "$serialMonitor:TX", "", [] ],
    [ "keypad1:C4", "esp:D15", "#8f4814", [ "v0" ] ],
    [ "keypad1:C3", "esp:D2", "red", [ "v0" ] ],
    [ "keypad1:C2", "esp:D4", "orange", [ "v0" ] ],
    [ "keypad1:C1", "esp:RX2", "gold", [ "v0" ] ],
    [ "keypad1:R4", "esp:TX2", "green", [ "v0" ] ],
    [ "keypad1:R3", "esp:D5", "blue", [ "v0" ] ],
    [ "keypad1:R2", "esp:D18", "violet", [ "v0" ] ],
    [ "keypad1:R1", "esp:D19", "limegreen", [ "v0" ] ]
  ]
}