{
  "version": 1,
  "author": "Anonymous maker",
  "editor": "wokwi",
  "parts": [
    { "type": "wokwi-breadboard", "id": "bb1", "top": -156.6, "left": -256.4, "attrs": {} },
    { "type": "board-esp32-s2-devkitm-1", "id": "esp", "top": 53.29, "left": -24.23, "attrs": {} },
    {
      "type": "wokwi-resistor",
      "id": "r1",
      "top": 4.8,
      "left": -58.15,
      "rotate": 90,
      "attrs": { "value": "20" }
    },
    {
      "type": "wokwi-led",
      "id": "led1",
      "top": -70.8,
      "left": -44.2,
      "attrs": { "color": "red" }
    }
  ],
  "connections": [
    [ "esp:TX", "$serialMonitor:RX", "", [] ],
    [ "esp:RX", "$serialMonitor:TX", "", [] ],
    [ "esp:5V", "bb1:bp.1", "red", [ "h0" ] ],
    [ "esp:GND.2", "bb1:bn.2", "black", [ "h0" ] ],
    [ "led1:A", "bb1:23b.g", "", [ "$bb" ] ],
    [ "led1:C", "bb1:22b.g", "", [ "$bb" ] ],
    [ "esp:1", "bb1:23b.h", "green", [ "h0" ] ],
    [ "r1:1", "bb1:22b.h", "", [ "$bb" ] ],
    [ "r1:2", "bb1:bn.17", "", [ "$bb" ] ]
  ],
  "dependencies": {}
}